year,Predicted_income
1971,693.9054085046519
1976,4836.230784618296
1982,9807.021235954482
1988,14777.811687290901
1994,19748.602138627088
2000,24719.392589963274
2006,29690.183041299693
2013,35489.438567858655
2022,42945.624244862935
2025,45431.01947053103
